{
	"label": [
		"arbitrum-one",
		"across",
		"zksync",
		"ethereum",
		"base",
		"polygon-pos",
		"optimism",
		"dln",
		"linea",
		"bnb",
		"avalanche",
		"solana",
		"0x63973",
		"0xb0aac",
		"0x74726",
		"0x5C893",
		"0x96AE5",
		"0x19cDc",
		"0x428AB",
		"0x1EB65",
		"0xb86d4",
		"0xf9FF5",
		"0xD45Bd",
		"0x6DbC5",
		"0xD3C5f",
		"0x15652",
		"0x1b597",
		"0xbe750",
		"0x21119",
		"0xf7bAc",
		"0xcA11b",
		"0xABa5d",
		"0x41ee2",
		"0x147B1",
		"6KFMXYU",
		"0xeF1eC",
		"0xDE82c",
		"0xAf9Ab",
		"C1EHGfH",
		"ACpUFj1",
		"EsWhiGG",
		"0x555CE",
		"0xb0954",
		"0x453Ee",
		"0x50c9C",
		"5jHKXvP",
		"CgL2X9h",
		"0x66B2A",
		"Dzzh6RQ",
		"7FfB2zQ",
		"0xd05ad",
		"0x89CC0",
		"0x2eF76",
		"E3Z9rpF",
		"8qDnN89",
		"AVAP6WU",
		"2r8DCWw",
		"0xb21DF",
		"C9dJpuA",
		"0xFD4f3",
		"ETHEREUM",
		"ARBITRUM-ONE",
		"OPTIMISM",
		"BASE",
		"ZKSYNC",
		"POLYGON-POS",
		"LINEA",
		"BNB",
		"AVALANCHE",
		"SOLANA"
	],
	"target": [
		1, 1, 1, 1, 1, 1, 7, 7, 7, 7, 7, 7, 7, 7, 7, 7, 7, 7, 7, 7, 7, 7, 7, 12, 13, 14, 15, 16, 17, 18, 19, 20, 21, 22, 23, 24, 25, 26, 27, 28, 29, 30, 31, 32, 33, 34, 35, 36, 37, 38, 39, 40, 41, 42, 43, 44, 45, 46, 47, 48, 49, 50, 51, 52, 53, 54, 55, 56, 57, 58, 59, 60, 61, 62, 60, 63, 64, 65, 60,
		60, 60, 61, 61, 62, 64, 61, 60, 62, 64, 63, 61, 63, 60, 61, 61, 60, 61, 61, 62, 61, 65, 64, 63, 63, 62, 65, 63, 64, 60, 62, 63, 63, 60, 63, 64, 62, 65, 65, 62, 65, 60, 62, 61, 63, 66, 62, 61, 60, 67, 65, 63, 68, 68, 66, 67, 65, 60, 60, 60, 61, 63, 67, 60, 67, 62, 61, 65, 68, 65, 67, 65, 65,
		65, 68, 60, 61, 69, 69, 69, 69, 69, 69, 69, 69, 69, 69, 69, 69, 69
	],
	"source": [
		0, 2, 3, 4, 5, 6, 0, 6, 3, 4, 8, 5, 9, 10, 11, 3, 0, 6, 10, 5, 4, 9, 8, 1, 1, 1, 1, 1, 1, 1, 1, 1, 1, 1, 1, 1, 1, 1, 1, 1, 1, 1, 1, 1, 1, 7, 7, 7, 7, 7, 7, 7, 7, 7, 7, 7, 7, 7, 7, 7, 7, 7, 7, 7, 7, 7, 7, 7, 7, 7, 7, 18, 18, 18, 30, 18, 18, 18, 25, 26, 20, 21, 19, 21, 31, 20, 33, 19, 32, 19,
		22, 21, 24, 29, 12, 13, 24, 28, 26, 13, 19, 16, 12, 20, 12, 21, 28, 20, 14, 27, 13, 27, 15, 23, 13, 17, 27, 32, 25, 29, 41, 41, 41, 41, 41, 35, 35, 36, 41, 41, 35, 35, 41, 35, 35, 35, 35, 52, 44, 36, 43, 37, 51, 47, 43, 37, 52, 43, 43, 59, 50, 37, 57, 52, 42, 52, 49, 56, 38, 45, 58, 53, 46,
		34, 39, 54, 40, 48, 55
	],
	"value": [
		126655675.02664007, 39037558.26582835, 38324800.66738499, 12014658.619251326, 7263061.117470757, 0, 1933641.8745697886, 1474710.299348813, 1207552.9510865533, 1055689.5305623468, 415355.7686378319, 328116.77147711895, 281929.50261409965, 128445.87656435053, 0, 16264729.213963,
		3087002.918677, 854316.205685, 785405.723961, 601391.133109, 150920.962637, 130527.82379993767, 22797.317346, 453748.05588298343, 438251.5040823569, 30013.357746819172, 3894.6656269096393, 117962.22514727047, 934.30410208387, 189713858.38169807, 2914660.3965256135, 2530593.4937791843,
		2876765.7163846875, 389644.94644964545, 3082.341215644878, 537954.5364998116, 3396541.0764675857, 2287372.246898658, 28300.112070220883, 234817.28286687695, 290736.6263283286, 14520984.149821278, 971807.3172424404, 602248.359647493, 950827.0351007265, 256.700797, 919093.2323632188,
		185731.1767490355, 4958.075949780245, 618441.989298, 51.939936, 1.373734, 5632424.77735379, 0, 11681.001379664716, 21319.375115304843, 2998.8, 483.540592, 2414.8104069438464, 0.09996, 13340544.956032295, 0, 2519.138552, 45300.485049, 1594.89492, 1.398619, 0.010005, 7930428.2857356435, 0,
		2287.309549, 0.5019421652516807, 109608619.29068208, 49796832.66061198, 18193253.861458655, 14520984.149821278, 4275214.13241684, 4268655.043109823, 3571283.393418698, 3396491.3165967083, 2130288.363542921, 1410353.685982833, 1379845.2119412944, 1284654.7499760601, 1066875.4825120706,
		971807.3172424404, 967916.7803180444, 950827.0351007265, 941964.751223586, 602185.8215338934, 549645.3405334362, 389644.94644964545, 372387.13238510716, 353222.4594083877, 290736.6263283286, 276849.23710862384, 272184.6554491648, 184732.07709142382, 180050.90501273604, 157083.88335573708,
		154420.71189826395, 138395.5547925311, 117962.22514727047, 115741.9805354525, 114854.13465778492, 61156.83823890707, 57657.88954621549, 54766.377854140934, 37468.892820522036, 30013.357746819172, 20012.75345101738, 8830.483858615375, 8180.675071393347, 3894.6656269096393, 3082.341215644878,
		2815.6528763128454, 934.30410208387, 106.68354781015854, 62.53811359966997, 49.75987087766009, 0, 1651453.2410869517, 1402340.8516355208, 1206967.0736287327, 652660.0881058202, 380222.6828782551, 273144.8858262217, 243383.07498892356, 169162.15146010896, 147182.69306137107,
		106131.8751220475, 97920.88582396421, 97591.58365509062, 85466.27183509062, 68016.12874076662, 46936.893420684755, 46589.2693009935, 45510.510606573735, 44389.612135, 21319.375115304843, 16569.02528892655, 10057.123915700315, 3950.515267050433, 2519.138552, 2414.8104069438464, 1434.498678,
		1007.5606827298116, 910.8729139999999, 116.2717379644, 73.107048, 0.5019421652516807, 0, 0, 0, 0, 0, 0, 13340544.956032295, 7930428.2857356435, 618441.989298, 2998.8, 2287.309549, 1594.89492, 483.540592, 256.700797, 51.939936, 1.398619, 1.373734, 0.09996, 0.010005
	]
}
