{
	"label": [
		"arbitrum-one",
		"across",
		"zksync",
		"ethereum",
		"base",
		"polygon-pos",
		"optimism",
		"0x74726",
		"0x63973",
		"0xb86d4",
		"0x1EB65",
		"0x428AB",
		"0xD45Bd",
		"0x19cDc",
		"0x96AE5",
		"0x5C893",
		"0x21119",
		"0x1b597",
		"0xbe750",
		"0x15652",
		"0xD3C5f",
		"0xf9FF5",
		"0xb0aac",
		"0x147B1",
		"0x6DbC5",
		"0x41ee2",
		"0xABa5d",
		"0xf7bAc",
		"0xcA11b",
		"ETHEREUM",
		"ARBITRUM-ONE",
		"OPTIMISM",
		"BASE",
		"ZKSYNC",
		"POLYGON-POS"
	],
	"target": [
		1, 1, 1, 1, 1, 1, 7, 8, 9, 10, 11, 12, 13, 14, 15, 16, 17, 18, 19, 20, 21, 22, 23, 24, 25, 26, 27, 28, 29, 30, 31, 29, 32, 33, 34, 29, 29, 29, 30, 30, 31, 33, 30, 29, 31, 33, 32, 30, 32, 29, 30, 30, 29, 30, 30, 31, 30, 34, 33, 32, 32, 31, 34, 32, 33, 29, 31, 32, 32, 29, 32, 33, 31, 34, 34,
		31, 34
	],
	"source": [0, 2, 3, 4, 5, 6, 1, 1, 1, 1, 1, 1, 1, 1, 1, 1, 1, 1, 1, 1, 1, 1, 1, 1, 1, 1, 1, 1, 11, 11, 11, 28, 11, 11, 11, 19, 17, 9, 21, 10, 21, 26, 9, 23, 10, 25, 10, 12, 21, 20, 27, 8, 22, 20, 16, 17, 22, 10, 14, 8, 9, 8, 21, 16, 9, 7, 18, 22, 18, 15, 24, 22, 13, 18, 25, 19, 27],
	"value": [
		126655675.02664007, 39037558.26582835, 38324800.66738499, 12014658.619251326, 7263061.117470757, 0, 30013.357746819172, 453748.05588298343, 2530593.4937791843, 2914660.3965256135, 189713858.38169807, 389644.94644964545, 934.30410208387, 117962.22514727047, 3894.6656269096393,
		234817.28286687695, 2287372.246898658, 28300.112070220883, 3396541.0764675857, 537954.5364998116, 2876765.7163846875, 438251.5040823569, 950827.0351007265, 3082.341215644878, 602248.359647493, 971807.3172424404, 290736.6263283286, 14520984.149821278, 109608619.29068208, 49796832.66061198,
		18193253.861458655, 14520984.149821278, 4275214.13241684, 4268655.043109823, 3571283.393418698, 3396491.3165967083, 2130288.363542921, 1410353.685982833, 1379845.2119412944, 1284654.7499760601, 1066875.4825120706, 971807.3172424404, 967916.7803180444, 950827.0351007265, 941964.751223586,
		602185.8215338934, 549645.3405334362, 389644.94644964545, 372387.13238510716, 353222.4594083877, 290736.6263283286, 276849.23710862384, 272184.6554491648, 184732.07709142382, 180050.90501273604, 157083.88335573708, 154420.71189826395, 138395.5547925311, 117962.22514727047, 115741.9805354525,
		114854.13465778492, 61156.83823890707, 57657.88954621549, 54766.377854140934, 37468.892820522036, 30013.357746819172, 20012.75345101738, 8830.483858615375, 8180.675071393347, 3894.6656269096393, 3082.341215644878, 2815.6528763128454, 934.30410208387, 106.68354781015854, 62.53811359966997,
		49.75987087766009, 0
	]
}
