{
	"label": [
		"arbitrum-one",
		"dln",
		"optimism",
		"ethereum",
		"base",
		"linea",
		"polygon-pos",
		"bnb",
		"avalanche",
		"solana",
		"0x50c9C",
		"5jHKXvP",
		"0xb0954",
		"0x453Ee",
		"Dzzh6RQ",
		"7FfB2zQ",
		"0xd05ad",
		"6KFMXYU",
		"0xeF1eC",
		"0xDE82c",
		"0x555CE",
		"C1EHGfH",
		"0xAf9Ab",
		"ACpUFj1",
		"2r8DCWw",
		"EsWhiGG",
		"CgL2X9h",
		"0xFD4f3",
		"0x66B2A",
		"0xb21DF",
		"C9dJpuA",
		"0x89CC0",
		"0x2eF76",
		"E3Z9rpF",
		"AVAP6WU",
		"8qDnN89",
		"ETHEREUM",
		"OPTIMISM",
		"ARBITRUM-ONE",
		"BASE",
		"LINEA",
		"BNB",
		"POLYGON-POS",
		"AVALANCHE",
		"SOLANA"
	],
	"target": [
		1, 1, 1, 1, 1, 1, 1, 1, 1, 1, 1, 1, 1, 1, 1, 1, 1, 10, 11, 12, 13, 14, 15, 16, 17, 18, 19, 20, 21, 22, 23, 24, 25, 26, 27, 28, 29, 30, 31, 32, 33, 34, 35, 36, 37, 38, 39, 40, 37, 38, 36, 41, 42, 39, 43, 43, 40, 41, 42, 36, 36, 36, 38, 39, 41, 36, 41, 37, 38, 42, 43, 42, 41, 42, 42, 36, 43,
		38, 42, 44, 44, 44, 44, 44, 44, 44, 44, 44, 44, 44, 44, 44
	],
	"source": [
		0, 2, 3, 4, 5, 6, 7, 8, 9, 3, 0, 2, 8, 6, 4, 7, 5, 1, 1, 1, 1, 1, 1, 1, 1, 1, 1, 1, 1, 1, 1, 1, 1, 1, 1, 1, 1, 1, 1, 1, 1, 1, 1, 20, 20, 20, 20, 20, 18, 18, 19, 20, 20, 18, 18, 20, 18, 18, 18, 18, 32, 10, 19, 13, 22, 31, 28, 13, 22, 32, 13, 13, 27, 22, 16, 12, 32, 32, 29, 15, 24, 21, 11, 30,
		33, 26, 17, 23, 35, 25, 14, 34
	],
	"value": [
		1933641.8745697886, 1474710.299348813, 1207552.9510865533, 1055689.5305623468, 415355.7686378319, 328116.77147711895, 281929.50261409965, 128445.87656435053, 0, 16264729.213963, 3087002.918677, 854316.205685, 785405.723961, 601391.133109, 150920.962637, 130527.82379993767, 22797.317346,
		21319.375115304843, 2998.8, 0, 11681.001379664716, 0.09996, 13340544.956032295, 0, 256.700797, 919093.2323632188, 185731.1767490355, 5632424.77735379, 618441.989298, 4958.075949780245, 51.939936, 7930428.2857356435, 1.373734, 483.540592, 0.5019421652516807, 2414.8104069438464, 0,
		2287.309549, 2519.138552, 45300.485049, 1594.89492, 0.010005, 1.398619, 1651453.2410869517, 1402340.8516355208, 1206967.0736287327, 652660.0881058202, 380222.6828782551, 273144.8858262217, 243383.07498892356, 169162.15146010896, 147182.69306137107, 106131.8751220475, 97920.88582396421,
		97591.58365509062, 85466.27183509062, 68016.12874076662, 46936.893420684755, 46589.2693009935, 45510.510606573735, 44389.612135, 21319.375115304843, 16569.02528892655, 10057.123915700315, 3950.515267050433, 2519.138552, 2414.8104069438464, 1434.498678, 1007.5606827298116, 910.8729139999999,
		116.2717379644, 73.107048, 0.5019421652516807, 0, 0, 0, 0, 0, 0, 13340544.956032295, 7930428.2857356435, 618441.989298, 2998.8, 2287.309549, 1594.89492, 483.540592, 256.700797, 51.939936, 1.398619, 1.373734, 0.09996, 0.010005
	]
}
