{
	"average_volume_by_bid_count": {
		"1": 65964,
		"2": 860,
		"3": 41,
		"4": 19,
		"5": 15,
		"6": 10,
		"7": 2
	},
	"value_by_relayer": {
		"0x428AB2BA90Eba0a4Be7aF34C9Ac451ab061AC010": 132040709.03422415,
		"0x15652636f3898F550b257B89926d5566821c32E1": 3396541.0764675857,
		"0x1b59718eaFA2BFFE5318E07c1C3cB2edde354f9C": 2286128.5431237067,
		"0xb86d460EDa97e8E4aaC84ed838D9c434F48755fB": 1768713.3184835792,
		"0x147B12C06D9e8e3837280F783Fd8070848D4412e": 950827.0351007265,
		"0x41ee28EE05341E7fdDdc8d433BA66054Cd302cA1": 544906.571429061,
		"0xD3C5fADa7563F834D1F5a64ffd9dfC0E00410B2f": 488656.06653313985,
		"0xD45BdA83d11Fda3EdA0107ce9Aa8856b753Fc44e": 389644.94644964545,
		"0xb0aac1f129651e62cde6D1AE683c8a49f4d004d1": 314287.38801437913,
		"0x96AE533814f9A128333a2914A631b9Ae690E2B0a": 117962.22514727047,
		"0x74726F7574017B05A6aDCB2d4e11E7aDcF80F06C": 30013.357746819172,
		"0xbe75079fd259a82054cAAB2CE007cd0c20b177a8": 27899.500182479824,
		"0x5C8934751Ac38026995cB4ded94c4Cb6F6D929fe": 3894.6656269096393,
		"0x19cDc2b23AF0cC791ca64dda5BFc094Cddda31Cd": 934.30410208387
	},
	"volume_by_relayer_by_bucket": {
		"0xD45BdA83d11Fda3EdA0107ce9Aa8856b753Fc44e": { "251-500": 470, "101-250": 560, "11-50": 568, "501-1500": 599, "51-100": 215, "0-10": 190 },
		"0xbe75079fd259a82054cAAB2CE007cd0c20b177a8": { "11-50": 294, "101-250": 232, "51-100": 141, "0-10": 191, "251-500": 2 },
		"0x428AB2BA90Eba0a4Be7aF34C9Ac451ab061AC010": { "1501-2500": 4676, "> 25000": 1072, "5001-12000": 2307, "101-250": 826, "12001 - 25000": 801, "2501-5000": 6435, "501-1500": 5539, "251-500": 1012, "51-100": 366, "11-50": 439, "0-10": 169 },
		"0x15652636f3898F550b257B89926d5566821c32E1": { "101-250": 734, "51-100": 398, "2501-5000": 527, "11-50": 523, "5001-12000": 316, "251-500": 472, "1501-2500": 570, "501-1500": 1064, "12001 - 25000": 10 },
		"0x147B12C06D9e8e3837280F783Fd8070848D4412e": { "101-250": 338, "11-50": 267, "1501-2500": 391, "51-100": 205, "2501-5000": 193, "501-1500": 382, "251-500": 224 },
		"0x1b59718eaFA2BFFE5318E07c1C3cB2edde354f9C": { "251-500": 321, "501-1500": 553, "1501-2500": 231, "51-100": 174, "101-250": 353, "11-50": 241, "0-10": 46, "2501-5000": 163, "5001-12000": 274, "12001 - 25000": 39 },
		"0x5C8934751Ac38026995cB4ded94c4Cb6F6D929fe": { "2501-5000": 2 },
		"0xb86d460EDa97e8E4aaC84ed838D9c434F48755fB": { "501-1500": 142, "51-100": 10, "5001-12000": 115, "> 25000": 19, "12001 - 25000": 69, "11-50": 32, "101-250": 27, "251-500": 37, "2501-5000": 233, "1501-2500": 217, "0-10": 4 },
		"0x41ee28EE05341E7fdDdc8d433BA66054Cd302cA1": { "101-250": 1539, "251-500": 667, "501-1500": 546, "11-50": 3690, "0-10": 2692, "51-100": 885, "1501-2500": 16 },
		"0x96AE533814f9A128333a2914A631b9Ae690E2B0a": { "51-100": 264, "251-500": 255, "11-50": 1124, "0-10": 612, "101-250": 447, "501-1500": 32 },
		"0x74726F7574017B05A6aDCB2d4e11E7aDcF80F06C": { "501-1500": 33, "101-250": 28, "1501-2500": 12, "11-50": 22, "51-100": 16, "251-500": 8 },
		"0xD3C5fADa7563F834D1F5a64ffd9dfC0E00410B2f": { "1501-2500": 79, "12001 - 25000": 20, "2501-5000": 71, "5001-12000": 21, "51-100": 2, "> 25000": 2, "101-250": 5, "501-1500": 34, "251-500": 5, "0-10": 2, "11-50": 4 },
		"0xb0aac1f129651e62cde6D1AE683c8a49f4d004d1": { "5001-12000": 16, "> 25000": 7, "12001 - 25000": 7, "1501-2500": 39, "101-250": 15, "51-100": 4, "2501-5000": 31, "251-500": 5, "501-1500": 16, "0-10": 5, "11-50": 4 },
		"0x19cDc2b23AF0cC791ca64dda5BFc094Cddda31Cd": { "501-1500": 2, "251-500": 2, "11-50": 2 },
		"0xf9FF53Db441A2f6Aeff6c36E107DC7F6C5BD0bb5": { "11-50": 3674, "101-250": 1814, "51-100": 1379, "251-500": 997, "501-1500": 1769, "0-10": 2406, "1501-2500": 145, "2501-5000": 5 },
		"0x1EB658C8c76d35600E9e126C385C827dDAC4001F": { "51-100": 1535, "101-250": 2968, "501-1500": 1979, "11-50": 3951, "0-10": 2354, "251-500": 1713, "1501-2500": 2 },
		"0x6DbC5Da8b92490Bf0aE6E36b3fFd7E39FdB27029": { "101-250": 1, "0-10": 6, "11-50": 8, "251-500": 5, "51-100": 3, "501-1500": 1 },
		"0x63973d60f9f82aeB97ccCA6300dBbF117435c3c4": { "0-10": 754, "101-250": 519, "11-50": 881, "51-100": 358, "251-500": 361, "501-1500": 229 },
		"0xABa5dA09F938dCe7bCcB060751cBBbdb60C7b537": { "501-1500": 555, "51-100": 666, "0-10": 1281, "11-50": 2538, "101-250": 1305, "251-500": 556 },
		"0x21119d10f7D44C3369D0104d5D7F51810e9E9daF": { "101-250": 266, "251-500": 185, "501-1500": 128, "0-10": 251, "11-50": 408, "51-100": 126 },
		"0xcA11bde05977b3631167028862bE2a173976CA11": { "> 25000": 18 },
		"0xf7bAc63fc7CEaCf0589F25454Ecf5C2ce904997c": { "> 25000": 1 }
	},
	"fills_by_route_by_relayer": {
		"0xD45BdA83d11Fda3EdA0107ce9Aa8856b753Fc44e": { "zksync -> arbitrum-one": 15.091177259318853, "base -> arbitrum-one": 18.739989321943405 },
		"0xbe75079fd259a82054cAAB2CE007cd0c20b177a8": {
			"zksync -> base": 3.731604765241766,
			"zksync -> optimism": 2.282734646581692,
			"arbitrum-one -> base": 4.114583333333333,
			"polygon-pos -> optimism": 8.122503328894807,
			"polygon-pos -> base": 8.208955223880597,
			"arbitrum-one -> optimism": 1.454775458570525,
			"base -> optimism": 2.092050209205021,
			"ethereum -> base": 1.9695613249776187,
			"ethereum -> optimism": 0.42662116040955633,
			"polygon-pos -> polygon-pos": 100.0,
			"arbitrum-one -> polygon-pos": 0.09505703422053231,
			"base -> polygon-pos": 0.18726591760299627
		},
		"0x428AB2BA90Eba0a4Be7aF34C9Ac451ab061AC010": {
			"arbitrum-one -> ethereum": 30.06271495043496,
			"polygon-pos -> ethereum": 27.000467945718295,
			"base -> ethereum": 29.89864864864865,
			"zksync -> ethereum": 41.11574349811396,
			"zksync -> base": 25.332866152768045,
			"ethereum -> base": 30.617726051924798,
			"arbitrum-one -> optimism": 19.07020872865275,
			"polygon-pos -> optimism": 38.08255659121172,
			"zksync -> polygon-pos": 40.54840049854591,
			"ethereum -> ethereum": 100.0,
			"zksync -> optimism": 45.504055619930476,
			"zksync -> arbitrum-one": 48.87369267900242,
			"ethereum -> optimism": 21.501706484641637,
			"base -> zksync": 12.306827760606913,
			"arbitrum-one -> base": 17.5,
			"arbitrum-one -> polygon-pos": 35.551330798479086,
			"ethereum -> polygon-pos": 66.88417618270799,
			"ethereum -> arbitrum-one": 29.697665518561042,
			"polygon-pos -> zksync": 10.931558935361217,
			"base -> polygon-pos": 43.258426966292134,
			"base -> optimism": 17.20130172013017,
			"polygon-pos -> base": 22.601279317697227,
			"ethereum -> zksync": 15.609007164790174,
			"arbitrum-one -> zksync": 13.822434875066454,
			"base -> arbitrum-one": 29.951948745328348,
			"polygon-pos -> arbitrum-one": 23.33019755409219
		},
		"0x15652636f3898F550b257B89926d5566821c32E1": { "zksync -> ethereum": 76.37482628548739, "arbitrum-one -> ethereum": 66.3766943151932, "base -> ethereum": 63.59797297297297, "polygon-pos -> ethereum": 57.042583060365, "base -> optimism": 17.29428172942817 },
		"0x147B12C06D9e8e3837280F783Fd8070848D4412e": { "arbitrum-one -> ethereum": 80.67974914019827, "polygon-pos -> ethereum": 71.78287318671035, "base -> ethereum": 82.43243243243242, "zksync -> ethereum": 91.3639070875521 },
		"0x1b59718eaFA2BFFE5318E07c1C3cB2edde354f9C": {
			"zksync -> ethereum": 97.22056779829262,
			"polygon-pos -> ethereum": 99.438465138044,
			"base -> ethereum": 93.83445945945945,
			"arbitrum-one -> ethereum": 93.80942747319443,
			"zksync -> optimism": 49.61761297798378,
			"base -> optimism": 22.919572291957227,
			"arbitrum-one -> optimism": 22.73877292852625,
			"ethereum -> optimism": 29.522184300341294,
			"polygon-pos -> optimism": 40.67909454061252
		},
		"0x5C8934751Ac38026995cB4ded94c4Cb6F6D929fe": { "arbitrum-one -> ethereum": 93.84988873153956 },
		"0xb86d460EDa97e8E4aaC84ed838D9c434F48755fB": {
			"arbitrum-one -> ethereum": 96.25733360307507,
			"polygon-pos -> ethereum": 99.81282171268134,
			"zksync -> ethereum": 99.3249950367282,
			"base -> ethereum": 96.0304054054054,
			"zksync -> base": 27.119831814996495,
			"zksync -> arbitrum-one": 51.796728345400915,
			"base -> zksync": 12.98117448721551,