{
	"value_by_relayer": {
		"0x428AB2BA90Eba0a4Be7aF34C9Ac451ab061AC010": 132040709.03422415,
		"0x15652636f3898F550b257B89926d5566821c32E1": 3396541.0764675857,
		"0x1b59718eaFA2BFFE5318E07c1C3cB2edde354f9C": 2286128.5431237067,
		"0xb86d460EDa97e8E4aaC84ed838D9c434F48755fB": 1768713.3184835792,
		"0x147B12C06D9e8e3837280F783Fd8070848D4412e": 950827.0351007265,
		"0x41ee28EE05341E7fdDdc8d433BA66054Cd302cA1": 544906.571429061,
		"0xD3C5fADa7563F834D1F5a64ffd9dfC0E00410B2f": 488656.06653313985,
		"0xD45BdA83d11Fda3EdA0107ce9Aa8856b753Fc44e": 389644.94644964545,
		"0xb0aac1f129651e62cde6D1AE683c8a49f4d004d1": 314287.38801437913,
		"0x96AE533814f9A128333a2914A631b9Ae690E2B0a": 117962.22514727047,
		"0x74726F7574017B05A6aDCB2d4e11E7aDcF80F06C": 30013.357746819172,
		"0xbe75079fd259a82054cAAB2CE007cd0c20b177a8": 27899.500182479824,
		"0x5C8934751Ac38026995cB4ded94c4Cb6F6D929fe": 3894.6656269096393,
		"0x19cDc2b23AF0cC791ca64dda5BFc094Cddda31Cd": 934.30410208387
	},
	"volume_by_relayer_by_bucket": {
		"0xD45BdA83d11Fda3EdA0107ce9Aa8856b753Fc44e": { "251-500": 470, "101-250": 560, "11-50": 568, "501-5000": 599, "51-100": 215, "0-10": 190 },
		"0xbe75079fd259a82054cAAB2CE007cd0c20b177a8": { "11-50": 294, "101-250": 232, "51-100": 141, "0-10": 191, "251-500": 2 },
		"0x428AB2BA90Eba0a4Be7aF34C9Ac451ab061AC010": { "501-5000": 16650, "> 25000": 1072, "5001-12000": 2307, "101-250": 826, "12001 - 25000": 801, "251-500": 1012, "51-100": 366, "11-50": 439, "0-10": 169 },
		"0x15652636f3898F550b257B89926d5566821c32E1": { "101-250": 734, "51-100": 398, "501-5000": 2161, "11-50": 523, "5001-12000": 316, "251-500": 472, "12001 - 25000": 10 },
		"0x147B12C06D9e8e3837280F783Fd8070848D4412e": { "101-250": 338, "11-50": 267, "501-5000": 966, "51-100": 205, "251-500": 224 },
		"0x1b59718eaFA2BFFE5318E07c1C3cB2edde354f9C": { "251-500": 321, "501-5000": 947, "51-100": 174, "101-250": 353, "11-50": 241, "0-10": 46, "5001-12000": 274, "12001 - 25000": 39 },
		"0x5C8934751Ac38026995cB4ded94c4Cb6F6D929fe": { "501-5000": 2 },
		"0xb86d460EDa97e8E4aaC84ed838D9c434F48755fB": { "501-5000": 592, "51-100": 10, "5001-12000": 115, "> 25000": 19, "12001 - 25000": 69, "11-50": 32, "101-250": 27, "251-500": 37, "0-10": 4 },
		"0x41ee28EE05341E7fdDdc8d433BA66054Cd302cA1": { "101-250": 1539, "251-500": 667, "501-5000": 562, "11-50": 3690, "0-10": 2692, "51-100": 885 },
		"0x96AE533814f9A128333a2914A631b9Ae690E2B0a": { "51-100": 264, "251-500": 255, "11-50": 1124, "0-10": 612, "101-250": 447, "501-5000": 32 },
		"0x74726F7574017B05A6aDCB2d4e11E7aDcF80F06C": { "501-5000": 45, "101-250": 28, "11-50": 22, "51-100": 16, "251-500": 8 },
		"0xD3C5fADa7563F834D1F5a64ffd9dfC0E00410B2f": { "501-5000": 184, "12001 - 25000": 20, "5001-12000": 21, "51-100": 2, "> 25000": 2, "101-250": 5, "251-500": 5, "0-10": 2, "11-50": 4 },
		"0xb0aac1f129651e62cde6D1AE683c8a49f4d004d1": { "5001-12000": 16, "> 25000": 7, "12001 - 25000": 7, "501-5000": 86, "101-250": 15, "51-100": 4, "251-500": 5, "0-10": 5, "11-50": 4 },
		"0x19cDc2b23AF0cC791ca64dda5BFc094Cddda31Cd": { "501-5000": 2, "251-500": 2, "11-50": 2 },
		"0xf9FF53Db441A2f6Aeff6c36E107DC7F6C5BD0bb5": { "11-50": 3674, "101-250": 1814, "51-100": 1379, "251-500": 997, "501-5000": 1919, "0-10": 2406 },
		"0x1EB658C8c76d35600E9e126C385C827dDAC4001F": { "51-100": 1535, "101-250": 2968, "501-5000": 1981, "11-50": 3951, "0-10": 2354, "251-500": 1713 },
		"0x6DbC5Da8b92490Bf0aE6E36b3fFd7E39FdB27029": { "101-250": 1, "0-10": 6, "11-50": 8, "251-500": 5, "51-100": 3, "501-5000": 1 },
		"0x63973d60f9f82aeB97ccCA6300dBbF117435c3c4": { "0-10": 754, "101-250": 519, "11-50": 881, "51-100": 358, "251-500": 361, "501-5000": 229 },
		"0xABa5dA09F938dCe7bCcB060751cBBbdb60C7b537": { "501-5000": 555, "51-100": 666, "0-10": 1281, "11-50": 2538, "101-250": 1305, "251-500": 556 },
		"0x21119d10f7D44C3369D0104d5D7F51810e9E9daF": { "101-250": 266, "251-500": 185, "501-5000": 128, "0-10": 251, "11-50": 408, "51-100": 126 },
		"0xcA11bde05977b3631167028862bE2a173976CA11": { "> 25000": 18 },
		"0xf7bAc63fc7CEaCf0589F25454Ecf5C2ce904997c": { "> 25000": 1 }
	}
}
