{
	"value_by_relayer": {
		"7FfB2zQRYUQwpPzkRxAeg2mCBGeCRKp4PCEeULJA9xTo": 13340544.956032295,
		"2r8DCWwEeaUHNMoDzTPj7v2qnT5jtw4U4UiKu1aMXyVG": 7930428.2857356435,
		"0x555CE236C0220695b68341bc48C68d52210cC35b": 5632424.77735379,
		"0xeF1eC136931Ab5728B0783FD87D109c9D15D31F1": 919093.2323632188,
		"C1EHGfHQXgNe9xkJzwWaZDXgQukJrzkgJz4E2EzRAiN9": 618441.989298,
		"0xDE82c5539A255E94D7E9252a601a7421f40C1AC7": 185731.1767490355,
		"0x2eF7604E98E9A3ae72A39CC9fc15234F48B4e93c": 45300.485049,
		"0x50c9C39b57879502A0da93e340B9c80b5F917Aa1": 21319.375115304843,
		"0x453Eed71d55fDBBa7a8564eD37D0a57f7B682188": 11681.001379664716,
		"0xAf9Ab5a0632729b50DE150C1B267e5C6542140E6": 4958.075949780245,
		"5jHKXvPn9GWZjW7jL73yWwNwuzboiqL8PPnqnyxyzAnj": 2998.8,
		"0x89CC02D6E4bdb5A8F0B2646b8b40AE42cEeC10e5": 2519.138552,
		"0x66B2A28297Adca50Ae2C6691C5d6Ba0b3A7e555c": 2414.8104069438464,
		"C9dJpuAYCSVeQvR97iqnyL8S9od4FEBdwb2CZKzF6ujQ": 2287.309549,
		"E3Z9rpFKgBU7dAUixHccdHkMM6H2FfBdeMHANVP7brA5": 1594.89492,
		"CgL2X9hL9FFuAi6JHDkMK5SNdhjapaDSrd3rB7YkzuNm": 483.540592,
		"6KFMXYUXNxvoRpUu3EL8iqyrjqqXUfWoVwjTzeWumcYu": 256.700797,
		"ACpUFj1Cfc6FXM9UAh364UKc8LteNVop8GzXgFey4ifa": 51.939936,
		"8qDnN89C9CKgqqQAAmvbLHUCKSNpRNsw2s8qxoxTvUWA": 1.398619,
		"EsWhiGGeKk3kjCKcEGQcr4KTksXMRyW8Zezz2ADfMpAT": 1.373734,
		"0xFD4f361269dCdE0bc1CB410b54c0c30331a4FC99": 0.5019421652516807,
		"Dzzh6RQar63Ko9Kbt6gUsKXGK17zGs2Qatdy9KzAfSeD": 0.09996,
		"AVAP6WUpowZpD9td8ScqKBmyFcSZu4d5PZAhH8sF86a1": 0.010005
	},
	"volume_by_relayer_by_bucket": {
		"0xeF1eC136931Ab5728B0783FD87D109c9D15D31F1": { "0-10": 170, "501-5000": 731, "11-50": 313, "5001-12000": 64, "51-100": 293, "251-500": 341, "101-250": 418, "12001 - 25000": 9, "> 25000": 2 },
		"0x555CE236C0220695b68341bc48C68d52210cC35b": { "0-10": 1057, "501-5000": 3070, "11-50": 1501, "51-100": 978, "5001-12000": 238, "251-500": 1455, "12001 - 25000": 53, "101-250": 1808, "> 25000": 45 },
		"0x453Eed71d55fDBBa7a8564eD37D0a57f7B682188": { "0-10": 1, "11-50": 11, "51-100": 1, "5001-12000": 2, "501-5000": 4, "101-250": 1 },
		"0xDE82c5539A255E94D7E9252a601a7421f40C1AC7": { "251-500": 77, "51-100": 34, "501-5000": 213, "101-250": 47, "11-50": 23 },
		"0x2eF7604E98E9A3ae72A39CC9fc15234F48B4e93c": { "501-5000": 12, "5001-12000": 8, "51-100": 1, "101-250": 2, "12001 - 25000": 1, "> 25000": 1 },
		"0xAf9Ab5a0632729b50DE150C1B267e5C6542140E6": { "0-10": 5, "101-250": 5, "251-500": 18, "501-5000": 4, "51-100": 2, "11-50": 1, "5001-12000": 1 },
		"0x89CC02D6E4bdb5A8F0B2646b8b40AE42cEeC10e5": { "501-5000": 8, "251-500": 2, "51-100": 1 },
		"0x50c9C39b57879502A0da93e340B9c80b5F917Aa1": { "51-100": 10, "251-500": 10, "501-5000": 24, "101-250": 10 },
		"0x66B2A28297Adca50Ae2C6691C5d6Ba0b3A7e555c": { "501-5000": 3, "251-500": 1, "51-100": 3, "101-250": 1, "11-50": 1 },
		"0xFD4f361269dCdE0bc1CB410b54c0c30331a4FC99": { "0-10": 3 },
		"2r8DCWwEeaUHNMoDzTPj7v2qnT5jtw4U4UiKu1aMXyVG": { "101-250": 567, "251-500": 324, "0-10": 286, "11-50": 411, "51-100": 210, "501-5000": 873, "12001 - 25000": 52, "> 25000": 74, "5001-12000": 98 },
		"7FfB2zQRYUQwpPzkRxAeg2mCBGeCRKp4PCEeULJA9xTo": { "12001 - 25000": 77, "501-5000": 639, "0-10": 306, "11-50": 443, "101-250": 389, "5001-12000": 159, "251-500": 264, "51-100": 258, "> 25000": 77 },
		"5jHKXvPn9GWZjW7jL73yWwNwuzboiqL8PPnqnyxyzAnj": { "501-5000": 3 },
		"8qDnN89C9CKgqqQAAmvbLHUCKSNpRNsw2s8qxoxTvUWA": { "0-10": 2 },
		"C1EHGfHQXgNe9xkJzwWaZDXgQukJrzkgJz4E2EzRAiN9": { "501-5000": 9, "5001-12000": 2, "101-250": 2, "> 25000": 5, "12001 - 25000": 3, "51-100": 1, "0-10": 1 },
		"E3Z9rpFKgBU7dAUixHccdHkMM6H2FfBdeMHANVP7brA5": { "251-500": 3, "11-50": 4, "0-10": 2, "101-250": 3, "51-100": 1 },
		"6KFMXYUXNxvoRpUu3EL8iqyrjqqXUfWoVwjTzeWumcYu": { "251-500": 1 },
		"C9dJpuAYCSVeQvR97iqnyL8S9od4FEBdwb2CZKzF6ujQ": { "501-5000": 1 },
		"AVAP6WUpowZpD9td8ScqKBmyFcSZu4d5PZAhH8sF86a1": { "0-10": 1 },
		"Dzzh6RQar63Ko9Kbt6gUsKXGK17zGs2Qatdy9KzAfSeD": { "0-10": 1 },
		"EsWhiGGeKk3kjCKcEGQcr4KTksXMRyW8Zezz2ADfMpAT": { "0-10": 2 },
		"ACpUFj1Cfc6FXM9UAh364UKc8LteNVop8GzXgFey4ifa": { "51-100": 1 },
		"CgL2X9hL9FFuAi6JHDkMK5SNdhjapaDSrd3rB7YkzuNm": { "251-500": 1 }
	}
}
