{
	"average_volume_by_bid_count": {
		"1": 12586,
		"2": 1215,
		"3": 28
	},
	"value_by_relayer": {
		"7FfB2zQRYUQwpPzkRxAeg2mCBGeCRKp4PCEeULJA9xTo": 13340544.956032295,
		"2r8DCWwEeaUHNMoDzTPj7v2qnT5jtw4U4UiKu1aMXyVG": 7930428.2857356435,
		"0x555CE236C0220695b68341bc48C68d52210cC35b": 5632424.77735379,
		"0xeF1eC136931Ab5728B0783FD87D109c9D15D31F1": 919093.2323632188,
		"C1EHGfHQXgNe9xkJzwWaZDXgQukJrzkgJz4E2EzRAiN9": 618441.989298,
		"0xDE82c5539A255E94D7E9252a601a7421f40C1AC7": 185731.1767490355,
		"0x2eF7604E98E9A3ae72A39CC9fc15234F48B4e93c": 45300.485049,
		"0x50c9C39b57879502A0da93e340B9c80b5F917Aa1": 21319.375115304843,
		"0x453Eed71d55fDBBa7a8564eD37D0a57f7B682188": 11681.001379664716,
		"0xAf9Ab5a0632729b50DE150C1B267e5C6542140E6": 4958.075949780245,
		"5jHKXvPn9GWZjW7jL73yWwNwuzboiqL8PPnqnyxyzAnj": 2998.8,
		"0x89CC02D6E4bdb5A8F0B2646b8b40AE42cEeC10e5": 2519.138552,
		"0x66B2A28297Adca50Ae2C6691C5d6Ba0b3A7e555c": 2414.8104069438464,
		"C9dJpuAYCSVeQvR97iqnyL8S9od4FEBdwb2CZKzF6ujQ": 2287.309549,
		"E3Z9rpFKgBU7dAUixHccdHkMM6H2FfBdeMHANVP7brA5": 1594.89492,
		"CgL2X9hL9FFuAi6JHDkMK5SNdhjapaDSrd3rB7YkzuNm": 483.540592,
		"6KFMXYUXNxvoRpUu3EL8iqyrjqqXUfWoVwjTzeWumcYu": 256.700797,
		"ACpUFj1Cfc6FXM9UAh364UKc8LteNVop8GzXgFey4ifa": 51.939936,
		"8qDnN89C9CKgqqQAAmvbLHUCKSNpRNsw2s8qxoxTvUWA": 1.398619,
		"EsWhiGGeKk3kjCKcEGQcr4KTksXMRyW8Zezz2ADfMpAT": 1.373734,
		"0xFD4f361269dCdE0bc1CB410b54c0c30331a4FC99": 0.5019421652516807,
		"Dzzh6RQar63Ko9Kbt6gUsKXGK17zGs2Qatdy9KzAfSeD": 0.09996,
		"AVAP6WUpowZpD9td8ScqKBmyFcSZu4d5PZAhH8sF86a1": 0.010005
	},
	"volume_by_relayer_by_bucket": {
		"0xeF1eC136931Ab5728B0783FD87D109c9D15D31F1": { "0-10": 170, "501-1500": 579, "11-50": 313, "5001-12000": 64, "51-100": 293, "1501-2500": 72, "251-500": 341, "101-250": 418, "2501-5000": 80, "12001 - 25000": 9, "> 25000": 2 },
		"0x555CE236C0220695b68341bc48C68d52210cC35b": { "0-10": 1057, "501-1500": 2134, "11-50": 1501, "51-100": 978, "5001-12000": 238, "2501-5000": 411, "1501-2500": 525, "251-500": 1455, "12001 - 25000": 53, "101-250": 1808, "> 25000": 45 },
		"0x453Eed71d55fDBBa7a8564eD37D0a57f7B682188": { "0-10": 1, "11-50": 11, "51-100": 1, "5001-12000": 2, "1501-2500": 2, "501-1500": 2, "101-250": 1 },
		"0xDE82c5539A255E94D7E9252a601a7421f40C1AC7": { "251-500": 77, "51-100": 34, "1501-2500": 52, "2501-5000": 38, "501-1500": 123, "101-250": 47, "11-50": 23 },
		"0x2eF7604E98E9A3ae72A39CC9fc15234F48B4e93c": { "2501-5000": 6, "5001-12000": 8, "501-1500": 4, "51-100": 1, "1501-2500": 2, "101-250": 2, "12001 - 25000": 1, "> 25000": 1 },
		"0xAf9Ab5a0632729b50DE150C1B267e5C6542140E6": { "0-10": 5, "101-250": 5, "251-500": 18, "501-1500": 3, "51-100": 2, "1501-2500": 1, "11-50": 1, "5001-12000": 1 },
		"0x89CC02D6E4bdb5A8F0B2646b8b40AE42cEeC10e5": { "2501-5000": 2, "501-1500": 5, "251-500": 2, "51-100": 1, "1501-2500": 1 },
		"0x50c9C39b57879502A0da93e340B9c80b5F917Aa1": { "51-100": 10, "251-500": 10, "501-1500": 14, "1501-2500": 10, "101-250": 10 },
		"0x66B2A28297Adca50Ae2C6691C5d6Ba0b3A7e555c": { "501-1500": 3, "251-500": 1, "51-100": 3, "101-250": 1, "11-50": 1 },
		"0xFD4f361269dCdE0bc1CB410b54c0c30331a4FC99": { "0-10": 3 },
		"2r8DCWwEeaUHNMoDzTPj7v2qnT5jtw4U4UiKu1aMXyVG": { "101-250": 567, "251-500": 324, "0-10": 286, "11-50": 411, "51-100": 210, "501-1500": 541, "2501-5000": 158, "12001 - 25000": 52, "1501-2500": 174, "> 25000": 74, "5001-12000": 98 },
		"7FfB2zQRYUQwpPzkRxAeg2mCBGeCRKp4PCEeULJA9xTo": { "12001 - 25000": 77, "1501-2500": 135, "0-10": 306, "501-1500": 343, "11-50": 443, "101-250": 389, "5001-12000": 159, "251-500": 264, "51-100": 258, "2501-5000": 161, "> 25000": 77 },
		"5jHKXvPn9GWZjW7jL73yWwNwuzboiqL8PPnqnyxyzAnj": { "501-1500": 3 },
		"8qDnN89C9CKgqqQAAmvbLHUCKSNpRNsw2s8qxoxTvUWA": { "0-10": 2 },
		"C1EHGfHQXgNe9xkJzwWaZDXgQukJrzkgJz4E2EzRAiN9": { "501-1500": 6, "5001-12000": 2, "101-250": 2, "2501-5000": 1, "1501-2500": 2, "> 25000": 5, "12001 - 25000": 3, "51-100": 1, "0-10": 1 },
		"E3Z9rpFKgBU7dAUixHccdHkMM6H2FfBdeMHANVP7brA5": { "251-500": 3, "11-50": 4, "0-10": 2, "101-250": 3, "51-100": 1 },
		"6KFMXYUXNxvoRpUu3EL8iqyrjqqXUfWoVwjTzeWumcYu": { "251-500": 1 },
		"C9dJpuAYCSVeQvR97iqnyL8S9od4FEBdwb2CZKzF6ujQ": { "1501-2500": 1 },
		"AVAP6WUpowZpD9td8ScqKBmyFcSZu4d5PZAhH8sF86a1": { "0-10": 1 },
		"Dzzh6RQar63Ko9Kbt6gUsKXGK17zGs2Qatdy9KzAfSeD": { "0-10": 1 },
		"EsWhiGGeKk3kjCKcEGQcr4KTksXMRyW8Zezz2ADfMpAT": { "0-10": 2 },
		"ACpUFj1Cfc6FXM9UAh364UKc8LteNVop8GzXgFey4ifa": { "51-100": 1 },
		"CgL2X9hL9FFuAi6JHDkMK5SNdhjapaDSrd3rB7YkzuNm": { "251-500": 1 }
	},
	"fills_by_route_by_relayer": {
		"0xeF1eC136931Ab5728B0783FD87D109c9D15D31F1": {
			"arbitrum-one -> avalanche": 47.57281553398058,
			"avalanche -> arbitrum-one": 84.25196850393701,
			"avalanche -> linea": 50.0,
			"base -> linea": 7.474226804123711,
			"arbitrum-one -> bnb": 33.333333333333336,
			"arbitrum-one -> linea": 17.125382262996943,
			"optimism -> arbitrum-one": 30.12145748987854,
			"polygon-pos -> linea": 7.142857142857143,
			"base -> optimism": 15.748963883955003,
			"base -> polygon-pos": 31.86813186813187,
			"base -> avalanche": 54.54545454545455,
			"polygon-pos -> optimism": 11.560693641618498,
			"polygon-pos -> bnb": 27.11864406779661,
			"optimism -> avalanche": 48.421052631578945,
			"arbitrum-one -> base": 11.05072463768116,
			"optimism -> linea": 4.6875,
			"polygon-pos -> base": 12.42603550295858,
			"optimism -> base": 10.012210012210012,
			"arbitrum-one -> polygon-pos": 21.182266009852217,
			"optimism -> polygon-pos": 24.789915966386555,
			"ethereum -> optimism": 3.1847133757961785,
			"linea -> polygon-pos": 13.157894736842104,
			"arbitrum-one -> optimism": 18.448381185094686,
			"linea -> optimism": 8.842105263157896,
			"optimism -> bnb": 38.333333333333336,
			"ethereum -> arbitrum-one": 17.877094972067038,
			"linea -> base": 2.9182879377431905,
			"base -> bnb": 35.294117647058826,
			"avalanche -> polygon-pos": 23.91304347826087,
			"linea -> arbitrum-one": 16.574585635359117,
			"linea -> avalanche": 14.285714285714286,
			"bnb -> linea": 25.0,
			"bnb -> ethereum": 11.11111111111111,
			"avalanche -> ethereum": 13.043478260869565,
			"arbitrum-one -> ethereum": 1.4705882352941178,
			"polygon-pos -> avalanche": 31.666666666666668,
			"base -> arbitrum-one": 11.764705882352942,
			"avalanche -> optimism": 24.137931034482758,
			"avalanche -> base": 7.6923076923076925,
			"polygon-pos -> arbitrum-one": 19.366197183098592,
			"bnb -> avalanche": 50.0,
			"linea -> bnb": 21.428571428571427,
			"bnb -> polygon-pos": 33.333333333333336,
			"bnb -> optimism": 15.555555555555555,
			"bnb -> base": 13.043478260869565,
			"ethereum -> bnb": 24.242424242424242,
			"avalanche -> bnb": 15.789473684210526,
			"bnb -> arbitrum-one": 34.69387755102041,
			"ethereum -> avalanche": 22.22222222222222,
			"ethereum -> polygon-pos": 4.545454545454546
		},
		"0x555CE236C0220695b68341bc48C68d52210cC35b": {
			"arbitrum-one -> avalanche": 94.1747572815534,
			"optimism -> base": 100.0,
			"arbitrum-one -> base": 99.45652173913044,
			"base -> ethereum": 82.90598290598291,
			"arbitrum-one -> ethereum": 31.985294117647058,
			"polygon-pos -> base": 100.0,
			"avalanche -> linea": 100.0,
			"arbitrum-one -> linea": 100.0,
			"optimism -> linea": 100.0,
			"base -> linea": 100.0,
			"ethereum -> linea": 100.0,
			"base -> optimism": 100.0,
			"arbitrum-one -> optimism": 99.8167379352474,
			"linea -> base": 100.0,
			"arbitrum-one -> bnb": 88.88888888888889,
			"polygon-pos -> linea": 100.0,
			"polygon-pos -> optimism": 100.0,
			"linea -> optimism": 100.0,
			"optimism -> ethereum": 20.218579234972676,
			"polygon-pos -> ethereum": 21.153846153846153,
			"base -> arbitrum-one": 100.0,
			"base -> polygon-pos": 100.0,
			"optimism -> arbitrum-one": 100.0,
			"base -> avalanche": 93.93939393939394,
			"linea -> ethereum": 93.54838709677419,
			"linea -> polygon-pos": 100.0,
			"polygon-pos -> bnb": 84.74576271186442,
			"ethereum -> optimism": 100.0,